[
  {
    "inputs": [
      {
        "internalType": "address",
        "name": "_nexus",
        "type": "address"
      },
      {
        "internalType": "contract IERC20",
        "name": "_mUSD",
        "type": "address"
      }
    ],
    "payable": false,
    "stateMutability": "nonpayable",
    "type": "constructor"
  },
  {
    "anonymous": false,
    "inputs": [
      {
        "indexed": false,
        "internalType": "bool",
        "name": "automationEnabled",
        "type": "bool"
      }
    ],
    "name": "AutomaticInterestCollectionSwitched",
    "type": "event"
  },
  {
    "anonymous": false,
    "inputs": [
      {
        "indexed": true,
        "internalType": "address",
        "name": "redeemer",
        "type": "address"
      },
      {
        "indexed": false,
        "internalType": "uint256",
        "name": "creditsRedeemed",
        "type": "uint256"
      },
      {
        "indexed": false,
        "internalType": "uint256",
        "name": "savingsCredited",
        "type": "uint256"
      }
    ],
    "name": "CreditsRedeemed",
    "type": "event"
  },
  {
    "anonymous": false,
    "inputs": [
      {
        "indexed": false,
        "internalType": "uint256",
        "name": "newExchangeRate",
        "type": "uint256"
      },
      {
        "indexed": false,
        "internalType": "uint256",
        "name": "interestCollected",
        "type": "uint256"
      }
    ],
    "name": "ExchangeRateUpdated",
    "type": "event"
  },
  {
    "anonymous": false,
    "inputs": [
      {
        "indexed": true,
        "internalType": "address",
        "name": "saver",
        "type": "address"
      },
      {
        "indexed": false,
        "internalType": "uint256",
        "name": "savingsDeposited",
        "type": "uint256"
      },
      {
        "indexed": false,
        "internalType": "uint256",
        "name": "creditsIssued",
        "type": "uint256"
      }
    ],
    "name": "SavingsDeposited",
    "type": "event"
  },
  {
    "constant": false,
    "inputs": [
      {
        "internalType": "bool",
        "name": "_enabled",
        "type": "bool"
      }
    ],
    "name": "automateInterestCollectionFlag",
    "outputs": [],
    "payable": false,
    "stateMutability": "nonpayable",
    "type": "function"
  },
  {
    "constant": true,
    "inputs": [
      {
        "internalType": "address",
        "name": "",
        "type": "address"
      }
    ],
    "name": "creditBalances",
    "outputs": [
      {
        "internalType": "uint256",
        "name": "",
        "type": "uint256"
      }
    ],
    "payable": false,
    "stateMutability": "view",
    "type": "function"
  },
  {
    "constant": false,
    "inputs": [
      {
        "internalType": "uint256",
        "name": "_amount",
        "type": "uint256"
      }
    ],
    "name": "depositInterest",
    "outputs": [],
    "payable": false,
    "stateMutability": "nonpayable",
    "type": "function"
  },
  {
    "constant": false,
    "inputs": [
      {
        "internalType": "uint256",
        "name": "_amount",
        "type": "uint256"
      }
    ],
    "name": "depositSavings",
    "outputs": [
      {
        "internalType": "uint256",
        "name": "creditsIssued",
        "type": "uint256"
      }
    ],
    "payable": false,
    "stateMutability": "nonpayable",
    "type": "function"
  },
  {
    "constant": true,
    "inputs": [],
    "name": "exchangeRate",
    "outputs": [
      {
        "internalType": "uint256",
        "name": "",
        "type": "uint256"
      }
    ],
    "payable": false,
    "stateMutability": "view",
    "type": "function"
  },
  {
    "constant": true,
    "inputs": [],
    "name": "nexus",
    "outputs": [
      {
        "internalType": "contract INexus",
        "name": "",
        "type": "address"
      }
    ],
    "payable": false,
    "stateMutability": "view",
    "type": "function"
  },
  {
    "constant": false,
    "inputs": [
      {
        "internalType": "uint256",
        "name": "_credits",
        "type": "uint256"
      }
    ],
    "name": "redeem",
    "outputs": [
      {
        "internalType": "uint256",
        "name": "massetReturned",
        "type": "uint256"
      }
    ],
    "payable": false,
    "stateMutability": "nonpayable",
    "type": "function"
  },
  {
    "constant": true,
    "inputs": [],
    "name": "totalCredits",
    "outputs": [
      {
        "internalType": "uint256",
        "name": "",
        "type": "uint256"
      }
    ],
    "payable": false,
    "stateMutability": "view",
    "type": "function"
  },
  {
    "constant": true,
    "inputs": [],
    "name": "totalSavings",
    "outputs": [
      {
        "internalType": "uint256",
        "name": "",
        "type": "uint256"
      }
    ],
    "payable": false,
    "stateMutability": "view",
    "type": "function"
  }
]
