[
  {
    "anonymous": false,
    "inputs": [
      { "indexed": true, "internalType": "address", "name": "src", "type": "address" },
      { "indexed": true, "internalType": "address", "name": "guy", "type": "address" },
      { "indexed": false, "internalType": "uint256", "name": "wad", "type": "uint256" }
    ],
    "name": "Approval",
    "type": "event"
  },
  {
    "anonymous": false,
    "inputs": [
      { "indexed": true, "internalType": "address", "name": "src", "type": "address" },
      { "indexed": true, "internalType": "address", "name": "dst", "type": "address" },
      { "indexed": false, "internalType": "uint256", "name": "wad", "type": "uint256" }
    ],
    "name": "Transfer",
    "type": "event"
  }
]
